category,equation_id,record_id,in_alps_final_status,in_alps_evaluation_pool,alps_final_status,alps_pool_tier,alps_pool_baseline_resolution
table20_2_austin96,E4952,austin96::order5_austin_unknown_E4952_to_E2,True,True,NO_FINITE_MODEL,hard,null
table20_2_austin96,E41252,austin96::order5_austin_unknown_E41252_to_E2,False,False,,,
table20_2_austin96,E4957,austin96::order5_austin_unknown_E4957_to_E2,False,False,,,
table20_2_austin96,E40914,austin96::order5_austin_unknown_E40914_to_E2,True,True,NO_FINITE_MODEL,hard,null
table20_2_austin96,E5012,austin96::order5_austin_unknown_E5012_to_E2,False,False,,,
table20_2_austin96,E41253,austin96::order5_austin_unknown_E41253_to_E2,True,True,NO_FINITE_MODEL,hard,null
table20_2_austin96,E5066,austin96::order5_austin_unknown_E5066_to_E2,True,True,NO_FINITE_MODEL,hard,null
table20_2_austin96,E41239,austin96::order5_austin_unknown_E41239_to_E2,True,True,NO_FINITE_MODEL,hard,null
table20_2_austin96,E5093,austin96::order5_austin_unknown_E5093_to_E2,False,False,,,
table20_2_austin96,E41179,austin96::order5_austin_unknown_E41179_to_E2,True,True,NO_FINITE_MODEL,hard,null
table20_2_austin96,E5107,austin96::order5_austin_unknown_E5107_to_E2,True,True,NO_FINITE_MODEL,hard,null
table20_2_austin96,E40951,austin96::order5_austin_unknown_E40951_to_E2,False,False,,,
table20_2_austin96,E5141,austin96::order5_austin_unknown_E5141_to_E2,True,True,NO_FINITE_MODEL,hard,null
table20_2_austin96,E40917,austin96::order5_austin_unknown_E40917_to_E2,False,False,,,
table20_2_austin96,E5295,austin96::order5_austin_unknown_E5295_to_E2,True,True,NO_FINITE_MODEL,hard,null
table20_2_austin96,E40909,austin96::order5_austin_unknown_E40909_to_E2,True,True,NO_FINITE_MODEL,hard,null
table20_2_austin96,E5833,austin96::order5_austin_unknown_E5833_to_E2,True,True,NO_FINITE_MODEL,hard,null
table20_2_austin96,E40070,austin96::order5_austin_unknown_E40070_to_E2,True,True,NO_FINITE_MODEL,hard,null
table20_2_austin96,E5834,austin96::order5_austin_unknown_E5834_to_E2,True,True,NO_FINITE_MODEL,resolved_by_baseline,"{""budget_s"": 60, ""config"": ""twee/complete"", ""verdict"": ""TRIVIAL""}"
table20_2_austin96,E40037,austin96::order5_austin_unknown_E40037_to_E2,True,True,NO_FINITE_MODEL,resolved_by_baseline,"{""budget_s"": 60, ""config"": ""twee/complete"", ""verdict"": ""TRIVIAL""}"
table20_2_austin96,E5837,austin96::order5_austin_unknown_E5837_to_E2,True,True,NO_FINITE_MODEL,hard,null
table20_2_austin96,E40221,austin96::order5_austin_unknown_E40221_to_E2,True,True,NO_FINITE_MODEL,hard,null
table20_2_austin96,E5947,austin96::order5_austin_unknown_E5947_to_E2,True,True,NO_FINITE_MODEL,hard,null
table20_2_austin96,E40057,austin96::order5_austin_unknown_E40057_to_E2,True,True,NO_FINITE_MODEL,hard,null
table20_2_austin96,E5951,austin96::order5_austin_unknown_E5951_to_E2,True,True,NO_FINITE_MODEL,hard,null
table20_2_austin96,E40208,austin96::order5_austin_unknown_E40208_to_E2,True,True,NO_FINITE_MODEL,hard,null
table20_2_austin96,E6820,austin96::order5_austin_unknown_E6820_to_E2,False,False,,,
table20_2_austin96,E39485,austin96::order5_austin_unknown_E39485_to_E2,True,True,NO_FINITE_MODEL,hard,null
table20_2_austin96,E6878,austin96::order5_austin_unknown_E6878_to_E2,False,False,,,
table20_2_austin96,E39126,austin96::order5_austin_unknown_E39126_to_E2,True,True,NO_FINITE_MODEL,hard,null
table20_2_austin96,E6895,austin96::order5_austin_unknown_E6895_to_E2,True,True,NO_FINITE_MODEL,hard,null
table20_2_austin96,E39163,austin96::order5_austin_unknown_E39163_to_E2,True,True,NO_FINITE_MODEL,hard,null
table20_2_austin96,E6912,austin96::order5_austin_unknown_E6912_to_E2,True,True,NO_FINITE_MODEL,hard,null
table20_2_austin96,E39214,austin96::order5_austin_unknown_E39214_to_E2,True,True,NO_FINITE_MODEL,hard,null
table20_2_austin96,E7587,austin96::order5_austin_unknown_E7587_to_E2,True,True,NO_FINITE_MODEL,hard,null
table20_2_austin96,E38316,austin96::order5_austin_unknown_E38316_to_E2,True,True,NO_FINITE_MODEL,hard,null
table20_2_austin96,E7701,austin96::order5_austin_unknown_E7701_to_E2,True,True,NO_FINITE_MODEL,hard,null
table20_2_austin96,E38303,austin96::order5_austin_unknown_E38303_to_E2,True,True,NO_FINITE_MODEL,hard,null
table20_2_austin96,E7755,austin96::order5_austin_unknown_E7755_to_E2,True,True,NO_FINITE_MODEL,hard,null
table20_2_austin96,E38249,austin96::order5_austin_unknown_E38249_to_E2,True,True,NO_FINITE_MODEL,hard,null
table20_2_austin96,E7763,austin96::order5_austin_unknown_E7763_to_E2,True,True,NO_FINITE_MODEL,hard,null
table20_2_austin96,E38565,austin96::order5_austin_unknown_E38565_to_E2,True,True,NO_FINITE_MODEL,hard,null
table20_2_austin96,E8485,austin96::order5_austin_unknown_E8485_to_E2,True,True,NO_FINITE_MODEL,hard,null
table20_2_austin96,E37519,austin96::order5_austin_unknown_E37519_to_E2,True,True,NO_FINITE_MODEL,hard,null
table20_2_austin96,E9337,austin96::order5_austin_unknown_E9337_to_E2,True,True,NO_FINITE_MODEL,hard,null
table20_2_austin96,E36867,austin96::order5_austin_unknown_E36867_to_E2,True,True,NO_FINITE_MODEL,hard,null
table20_2_austin96,E9345,austin96::order5_austin_unknown_E9345_to_E2,True,True,NO_FINITE_MODEL,hard,null
table20_2_austin96,E36713,austin96::order5_austin_unknown_E36713_to_E2,True,True,NO_FINITE_MODEL,hard,null
table20_2_austin96,E9384,austin96::order5_austin_unknown_E9384_to_E2,True,True,NO_FINITE_MODEL,hard,null
table20_2_austin96,E36714,austin96::order5_austin_unknown_E36714_to_E2,True,True,NO_FINITE_MODEL,hard,null
table20_2_austin96,E9603,austin96::order5_austin_unknown_E9603_to_E2,True,True,NO_FINITE_MODEL,hard,null
table20_2_austin96,E36514,austin96::order5_austin_unknown_E36514_to_E2,True,True,NO_FINITE_MODEL,hard,null
table20_2_austin96,E9663,austin96::order5_austin_unknown_E9663_to_E2,True,True,NO_FINITE_MODEL,hard,null
table20_2_austin96,E36487,austin96::order5_austin_unknown_E36487_to_E2,True,True,NO_FINITE_MODEL,hard,null
table20_2_austin96,E9667,austin96::order5_austin_unknown_E9667_to_E2,True,True,NO_FINITE_MODEL,hard,null
table20_2_austin96,E36638,austin96::order5_austin_unknown_E36638_to_E2,True,True,NO_FINITE_MODEL,hard,null
table20_2_austin96,E9680,austin96::order5_austin_unknown_E9680_to_E2,True,True,NO_FINITE_MODEL,hard,null
table20_2_austin96,E36524,austin96::order5_austin_unknown_E36524_to_E2,True,True,NO_FINITE_MODEL,hard,null
table20_2_austin96,E10218,austin96::order5_austin_unknown_E10218_to_E2,True,True,NO_FINITE_MODEL,hard,null
table20_2_austin96,E35685,austin96::order5_austin_unknown_E35685_to_E2,True,True,NO_FINITE_MODEL,hard,null
table20_2_austin96,E10222,austin96::order5_austin_unknown_E10222_to_E2,True,True,NO_FINITE_MODEL,hard,null
table20_2_austin96,E35836,austin96::order5_austin_unknown_E35836_to_E2,True,True,NO_FINITE_MODEL,hard,null
table20_2_austin96,E11081,austin96::order5_austin_unknown_E11081_to_E2,True,True,NO_FINITE_MODEL,hard,null
table20_2_austin96,E35036,austin96::order5_austin_unknown_E35036_to_E2,True,True,NO_FINITE_MODEL,hard,null
table20_2_austin96,E11082,austin96::order5_austin_unknown_E11082_to_E2,True,True,NO_FINITE_MODEL,hard,null
table20_2_austin96,E34889,austin96::order5_austin_unknown_E34889_to_E2,True,True,NO_FINITE_MODEL,hard,null
table20_2_austin96,E11116,austin96::order5_austin_unknown_E11116_to_E2,True,True,NO_FINITE_MODEL,hard,null
table20_2_austin96,E34888,austin96::order5_austin_unknown_E34888_to_E2,True,True,NO_FINITE_MODEL,hard,null
table20_2_austin96,E11205,austin96::order5_austin_unknown_E11205_to_E2,True,True,NO_FINITE_MODEL,hard,null
table20_2_austin96,E35100,austin96::order5_austin_unknown_E35100_to_E2,True,True,NO_FINITE_MODEL,hard,null
table20_2_austin96,E11280,austin96::order5_austin_unknown_E11280_to_E2,True,True,NO_FINITE_MODEL,hard,null
table20_2_austin96,E34778,austin96::order5_austin_unknown_E34778_to_E2,True,True,NO_FINITE_MODEL,hard,null
table20_2_austin96,E12073,austin96::order5_austin_unknown_E12073_to_E2,True,True,NO_FINITE_MODEL,hard,null
table20_2_austin96,E33998,austin96::order5_austin_unknown_E33998_to_E2,True,True,NO_FINITE_MODEL,hard,null
table20_2_austin96,E12087,austin96::order5_austin_unknown_E12087_to_E2,True,True,NO_FINITE_MODEL,hard,null
table20_2_austin96,E33884,austin96::order5_austin_unknown_E33884_to_E2,True,True,NO_FINITE_MODEL,hard,null
table20_2_austin96,E12234,austin96::order5_austin_unknown_E12234_to_E2,True,True,NO_FINITE_MODEL,hard,null
table20_2_austin96,E33883,austin96::order5_austin_unknown_E33883_to_E2,True,True,NO_FINITE_MODEL,hard,null
table20_2_austin96,E12857,austin96::order5_austin_unknown_E12857_to_E2,True,False,AUSTIN_PROVEN,,
table20_2_austin96,E33436,austin96::order5_austin_unknown_E33436_to_E2,True,False,AUSTIN_PROVEN,,
table20_2_austin96,E12883,austin96::order5_austin_unknown_E12883_to_E2,False,False,,,
table20_2_austin96,E33020,austin96::order5_austin_unknown_E33020_to_E2,True,True,NO_FINITE_MODEL,hard,null
table20_2_austin96,E13764,austin96::order5_austin_unknown_E13764_to_E2,True,True,NO_FINITE_MODEL,hard,null
table20_2_austin96,E32294,austin96::order5_austin_unknown_E32294_to_E2,True,True,NO_FINITE_MODEL,hard,null
table20_2_austin96,E13849,austin96::order5_austin_unknown_E13849_to_E2,True,True,NO_FINITE_MODEL,hard,null
table20_2_austin96,E32281,austin96::order5_austin_unknown_E32281_to_E2,True,True,NO_FINITE_MODEL,hard,null
table20_2_austin96,E13992,austin96::order5_austin_unknown_E13992_to_E2,True,True,NO_FINITE_MODEL,hard,null
table20_2_austin96,E32280,austin96::order5_austin_unknown_E32280_to_E2,True,True,NO_FINITE_MODEL,hard,null
table20_2_austin96,E18137,austin96::order5_austin_unknown_E18137_to_E2,True,False,OPEN,,
table20_2_austin96,E27863,austin96::order5_austin_unknown_E27863_to_E2,True,False,OPEN,,
table20_2_austin96,E18212,austin96::order5_austin_unknown_E18212_to_E2,True,True,NO_FINITE_MODEL,hard,null
table20_2_austin96,E27859,austin96::order5_austin_unknown_E27859_to_E2,True,True,NO_FINITE_MODEL,hard,null
table20_2_austin96,E19966,austin96::order5_austin_unknown_E19966_to_E2,True,True,NO_FINITE_MODEL,resolved_by_baseline,"{""budget_s"": 30, ""config"": ""twee/complete"", ""verdict"": ""AUSTIN""}"
table20_2_austin96,E26105,austin96::order5_austin_unknown_E26105_to_E2,True,True,NO_FINITE_MODEL,resolved_by_baseline,"{""budget_s"": 30, ""config"": ""twee/complete"", ""verdict"": ""AUSTIN""}"
table20_2_austin96,E22619,austin96::order5_austin_unknown_E22619_to_E2,True,True,NO_FINITE_MODEL,resolved_by_baseline,"{""budget_s"": 30, ""config"": ""twee/complete"", ""verdict"": ""AUSTIN""}"
table20_2_austin96,E22634,austin96::order5_austin_unknown_E22634_to_E2,True,True,NO_FINITE_MODEL,resolved_by_baseline,"{""budget_s"": 30, ""config"": ""twee/complete"", ""verdict"": ""AUSTIN""}"
table20_1_known_austin10,E4916,generality34::order5_known_austin10_E4916_to_E2,True,False,AUSTIN_PROVEN,,
table20_1_known_austin10,E41082,generality34::order5_known_austin10_E41082_to_E2,True,False,AUSTIN_PROVEN,,
table20_1_known_austin10,E15535,generality34::order5_known_austin10_E15535_to_E2,True,False,AUSTIN_PROVEN,,
table20_1_known_austin10,E30591,generality34::order5_known_austin10_E30591_to_E2,True,False,AUSTIN_PROVEN,,
table20_1_known_austin10,E17522,generality34::order5_known_austin10_E17522_to_E2,True,False,AUSTIN_PROVEN,,
table20_1_known_austin10,E28770,generality34::order5_known_austin10_E28770_to_E2,True,False,AUSTIN_PROVEN,,
table20_1_known_austin10,E20034,generality34::order5_known_austin10_E20034_to_E2,True,False,AUSTIN_PROVEN,,
table20_1_known_austin10,E25964,generality34::order5_known_austin10_E25964_to_E2,True,False,AUSTIN_PROVEN,,
table20_1_known_austin10,E22455,generality34::order5_known_austin10_E22455_to_E2,True,False,AUSTIN_PROVEN,,
table20_1_known_austin10,E22818,generality34::order5_known_austin10_E22818_to_E2,False,False,,,
table20_3_unknown_finite_status24,E12294,generality34::order5_unknown_finite_status24_E12294_to_E2,True,False,OPEN,,
table20_3_unknown_finite_status24,E33856,generality34::order5_unknown_finite_status24_E33856_to_E2,True,False,OPEN,,
table20_3_unknown_finite_status24,E13102,generality34::order5_unknown_finite_status24_E13102_to_E2,False,False,,,
table20_3_unknown_finite_status24,E33273,generality34::order5_unknown_finite_status24_E33273_to_E2,True,False,OPEN,,
table20_3_unknown_finite_status24,E17260,generality34::order5_unknown_finite_status24_E17260_to_E2,False,False,,,
table20_3_unknown_finite_status24,E28740,generality34::order5_unknown_finite_status24_E28740_to_E2,True,False,SATISFIABLE_ONLY,,
table20_3_unknown_finite_status24,E17286,generality34::order5_unknown_finite_status24_E17286_to_E2,True,False,OPEN,,
table20_3_unknown_finite_status24,E28626,generality34::order5_unknown_finite_status24_E28626_to_E2,True,False,OPEN,,
table20_3_unknown_finite_status24,E20911,generality34::order5_unknown_finite_status24_E20911_to_E2,True,False,OPEN,,
table20_3_unknown_finite_status24,E25087,generality34::order5_unknown_finite_status24_E25087_to_E2,True,False,OPEN,,
table20_3_unknown_finite_status24,E21714,generality34::order5_unknown_finite_status24_E21714_to_E2,True,False,OPEN,,
table20_3_unknown_finite_status24,E24200,generality34::order5_unknown_finite_status24_E24200_to_E2,True,False,OPEN,,
table20_3_unknown_finite_status24,E21864,generality34::order5_unknown_finite_status24_E21864_to_E2,True,False,OPEN,,
table20_3_unknown_finite_status24,E24199,generality34::order5_unknown_finite_status24_E24199_to_E2,True,False,OPEN,,
table20_3_unknown_finite_status24,E21865,generality34::order5_unknown_finite_status24_E21865_to_E2,True,False,OPEN,,
table20_3_unknown_finite_status24,E24197,generality34::order5_unknown_finite_status24_E24197_to_E2,True,False,OPEN,,
table20_3_unknown_finite_status24,E21866,generality34::order5_unknown_finite_status24_E21866_to_E2,False,False,,,
table20_3_unknown_finite_status24,E24201,generality34::order5_unknown_finite_status24_E24201_to_E2,False,False,,,
table20_3_unknown_finite_status24,E22446,generality34::order5_unknown_finite_status24_E22446_to_E2,True,False,OPEN,,
table20_3_unknown_finite_status24,E22591,generality34::order5_unknown_finite_status24_E22591_to_E2,True,False,OPEN,,
table20_3_unknown_finite_status24,E23337,generality34::order5_unknown_finite_status24_E23337_to_E2,True,False,OPEN,,
table20_3_unknown_finite_status24,E23354,generality34::order5_unknown_finite_status24_E23354_to_E2,True,False,OPEN,,
table20_3_unknown_finite_status24,E23357,generality34::order5_unknown_finite_status24_E23357_to_E2,True,False,OPEN,,
table20_3_unknown_finite_status24,E23653,generality34::order5_unknown_finite_status24_E23653_to_E2,False,False,,,
